"Product Name",Total_Profit
"Atlantic Metals Mobile 3-Shelf Bookcases, Custom Colors",407.1288
"Iceberg Mobile Mega Data/Printer Cart",406.7154
"Hon Practical Foundations 30 x 60 Training Table, Light Gray/Charcoal",350.427
"netTALK DUO VoIP Telephone Service",141.723
"Hewlett Packard 310 Color Digital Copier",119.996
"Logitech G500s Laser Gaming Mouse with Adjustable Weight Tuning",118.983
"LogitechÂ Gaming G510s - Keyboard",91.7892
"Global Ergonomic Managers Chair",76.0116
"GE 30522EE2",67.2742
"Logitech G19 Programmable Gaming Keyboard",66.9546
